category,Krippendroffis_alpha
F,0.8810183759367621
B,0.8094851599581843
L,0.78528880866426
C,0.7713701431492842
M,0.7191926345609065
E,0.8027800743414464
A,0.8449917623076708
N,0.8575022461814914
D,0.8507700688357351
K,0.7997474747474748
P,1.0
O,0.6645516074450084
I,-0.0037974683544304
Q,1.0
R,1.0
average,0.7855267258515861
