category,Krippendroffis_alpha
C,0.6863531609546589
E,0.8540954747851299
B,0.6059502515990269
L,0.7331310347050953
F,0.7388714637939893
D,0.8038318649565593
K,0.7465291005291005
N,0.7751436272076033
A,0.7660774307681839
O,0.7116250511665985
Q,1.0
P,1.0
R,1.0
average,0.8016621892666114
