category,Krippendroffis_alpha
B,0.7198185059147626
L,0.8082865168539326
F,0.7692307692307692
A,0.7916464303059738
N,0.7268529208035095
C,0.7097207454250378
E,0.8825373409551909
D,0.7817745803357314
K,0.8581326866447254
P,0.7970260223048327
Q,1.0
average,0.804093319888588
