category,Krippendroffis_alpha
B,0.6446307905234878
L,0.7764867382458205
A,0.8537198391420912
N,0.7461905494843774
F,0.7617647058823529
E,0.8318802521008404
D,0.8697057201258882
K,0.6880137231077121
C,0.6409668890847287
M,0.6295138888888889
I,-0.004602991944764101
P,-0.0022962112514350874
Q,-0.03313609467455625
O,-0.0034482758620688614
average,0.5285278230609546
