category,Krippendroffis_alpha
F,0.7791489109848485
D,0.8179718803995009
A,0.825710130331694
K,0.7887019710505617
C,0.7425597419733176
L,0.7960829072618506
B,0.661136103318338
N,0.7857022623215728
E,0.8770842073471321
P,0.9551317430142474
Q,1.0
O,0.9112234580384226
R,1.0
average,0.8415733320031914
