category,Krippendroffis_alpha
D,0.8608837970540099
A,1.0
F,0.6136363636363636
B,0.896969696969697
N,0.6586345381526104
L,0.7424242424242424
C,0.5833333333333334
E,0.6909090909090909
K,1.0
P,1.0
average,0.8046791062479347
