category,Krippendroffis_alpha
B,0.9422452952628163
F,0.5957170668397145
D,0.9011111111111111
A,0.7253086419753086
L,0.8876262626262627
C,0.8098290598290598
E,0.8975834292289988
N,0.846815834767642
O,0.6590038314176245
K,1.0
average,0.8265240533058538
