category,Krippendroffis_alpha
A,0.6841802492809204
B,0.6058968636203453
L,0.785789535292052
C,0.7013568331235138
I,0.4691255698300869
D,0.5930024410089504
M,0.6397315436241611
F,0.46414708886619005
E,0.6425597532767926
G,0.522905027932961
H,0.09226190476190477
K,1.0
N,0.0
average,0.5539197546629138
