category,Krippendroffis_alpha
F,0.6177417357929924
D,0.8888488884888849
I,-0.0193133047210301
C,0.7545086091994668
L,0.7609702093397746
B,0.6851623899251965
N,0.9201009251471826
A,0.6939432989690721
M,0.19955654101995568
E,0.7931364863687832
K,0.8632306363374604
average,0.6507169468970672
