category,Krippendroffis_alpha
F,0.7582938388625593
D,0.8867313915857605
A,0.7596153846153846
K,1.0
C,0.7462686567164178
L,0.7966507177033493
B,0.6474654377880185
N,0.8919491525423728
E,0.7596153846153846
average,0.8051766627143608
