category,Krippendroffis_alpha
B,0.7045245593787289
F,0.8248197115384616
A,0.8865335066066721
C,0.8813255709807434
L,0.8413878323325545
N,0.7908017075024852
D,0.7782707910750507
K,0.7839673913043479
Q,1.0
O,1.0
E,0.9483665649152432
P,0.9539130434782609
average,0.8661592232593791
