category,Krippendroffis_alpha
B,0.7011820514814526
F,0.8055949528048124
A,0.8830056510477985
C,0.49376736647113306
M,0.43435095557210235
L,0.7358803986710963
N,0.781096474066345
D,0.7245322245322245
K,0.7694881231180997
E,0.9299312533051296
I,0.0
O,0.3187660668380462
Q,0.2433375634517767
P,0.2535211267605634
average,0.5767467291514701
