category,Krippendroffis_alpha
A,0.9336384439359268
B,0.9507640067911715
L,0.9520661157024793
C,0.8342857142857143
K,0.728125
D,1.0
F,0.7323076923076923
N,0.728125
O,1.0
E,0.8254180602006689
P,0.0
average,0.7895209121112412
